,file_ID,interface_w,interface_wo,RMSD_pred-ex_w,Tm_pred-ex_w,RMSD_pred-ex_wo,Tm_pred-ex_wo,RMSD_w_wo,Tm_w_wo,pLDDT_w,pLDDT_wo
0,afm_7k00o_2.pdb_partialdiff_4_seq_21.pdb_relaxed_capsid_1_design_full.pdb,13.05,31.61,15.747385025024414,0.42379,19.63286781311035,0.46176,15.158437728881836,0.30827,70.79949590163935,78.2490616547335
0,metric_6eoua_2.pdb_partialdiff_5_seq_11.pdb_relaxed_capsid_3_design_full.pdb,22.14,0.86,1.7376100957627732e-43,0.45564,0.0,0.57324,28.73585319519043,0.17588,86.00318272727273,87.86863796296296
0,metric_6wrvc_1.pdb_partialdiff_7_seq_12.pdb_relaxed_capsid_4_design_full.pdb,-1.53,10.61,4.190034698081404e-25,0.4818,0.0,0.5735,16.982147216796875,0.2875,81.10765767634855,85.27329752604167
0,afm_d1t72a1_6.pdb_partialdiff_6_seq_34.pdb_relaxed_capsid_3_design_full.pdb,3.91,1.74,0.0,0.55505,0.0,0.52278,22.198448181152344,0.21251,88.8219287403903,88.87205849220103
0,afm_d2hj2a1_5.pdb_partialdiff_0_seq_11.pdb_relaxed_capsid_1_design_full.pdb,0.61,10.91,0.0,0.49029,0.0,0.50092,15.857600212097168,0.18563,82.71704085603113,81.03513867924528
0,afm_d2hyva__7.pdb_partialdiff_1_seq_14.pdb_relaxed_capsid_0_design_full.pdb,17.73,-0.88,0.0,0.21814,0.0,0.38333,25.662521362304688,0.22065,61.30071210801394,71.4528032967033
0,afm_d3o07a__6.pdb_partialdiff_9_seq_36.pdb_relaxed_capsid_1_design_full.pdb,10.98,1.87,4.190034698081404e-25,0.5886,0.0,0.41611,16.015623092651367,0.11674,86.89139730134933,75.82111038011696
0,afm_1j5wb02_0.pdb_partialdiff_7_seq_15.pdb_relaxed_capsid_3_design_full.pdb,-6.38,15.29,4.190034698081404e-25,0.63469,4.190034698081404e-25,0.31128,14.454188346862793,0.2723,82.61988353765324,67.72661462882095
0,metric_1c4ka04_0.pdb_partialdiff_1_seq_11.pdb_relaxed_capsid_2_capsid_1_design_full.pdb,21.43,50.56,0.0,0.48406,4.190034698081404e-25,0.50146,18.474428176879883,0.27167,81.6915224390244,71.97100994200497
0,metric_6s0xt_9.pdb_partialdiff_1_seq_36.pdb_relaxed_capsid_0_design_full.pdb,21.29,-22.4,4.190034698081404e-25,0.29603,0.0,0.37297,6.8668084144592285,0.28149,64.14205593803787,90.88726445032111
0,afm_d3rwoa__3.pdb_partialdiff_8_seq_24.pdb_relaxed_capsid_3_design_full.pdb,2.45,-0.62,0.0,0.58507,0.0,0.48287,26.650617599487305,0.24366,86.69036411809235,81.1364884744342
0,afm_5mfof00_2.pdb_partialdiff_5_seq_37.pdb_relaxed_capsid_4_design_full.pdb,1.86,29.56,0.0,0.6198,4.190034698081404e-25,0.27981,6.355142116546631,0.1282,87.35201240458015,41.96850657894737
0,afm_4i17a00_2.pdb_partialdiff_0_seq_20.pdb_relaxed_capsid_1_design_full.pdb,-48.77,8.6,0.0,0.40482,0.0,0.4616,37.423439025878906,0.26957,85.60383933676387,84.78024036343612
0,afm_3f9ua00_6.pdb_partialdiff_5_seq_23.pdb_relaxed_capsid_1_design_full.pdb,14.41,-0.07,4.190034698081404e-25,0.36814,0.0,0.45898,23.504716873168945,0.21301,72.78838078291815,86.83564894592118
0,metric_5z51a_4.pdb_partialdiff_2_seq_21.pdb_relaxed_capsid_2_design_full.pdb,16.51,10.98,0.0,0.36274,4.190034698081404e-25,0.50094,5.4410905838012695,0.20162,63.50708087615838,83.26494234592445
0,afm_d2j5ya2_6.pdb_partialdiff_9_seq_27.pdb_relaxed_capsid_0_design_full.pdb,-6.5,6.89,0.0,0.44117,0.0,0.60966,12.814521789550781,0.33996,74.37874938574939,84.59452848101266
0,afm_d1t8ka__0.pdb_partialdiff_5_seq_25.pdb_relaxed_capsid_3_design_full.pdb,10.49,-41.91,0.0,0.62181,0.0,0.29985,27.0208683013916,0.17079,85.25134280936454,82.24289794007491
0,metric_6iwva_5.pdb_partialdiff_6_seq_2.pdb_relaxed_capsid_0_design_full.pdb,2.86,49.73,0.0,0.51738,4.190034698081404e-25,0.32554,10.78299331665039,0.2803,85.1804837587007,54.218475474683544
0,afm_d1dkga1_2.pdb_partialdiff_4_seq_29.pdb_relaxed_capsid_1_design_full.pdb,31.73,1.44,0.0,0.26652,0.0,0.26404,5.995882511138916,0.22645,43.63228637413395,70.0366893939394
0,metric_5t51b_2.pdb_partialdiff_3_seq_27.pdb_relaxed_capsid_2_design_full.pdb,33.78,40.05,0.0,0.46586,0.0,0.36618,0.09784731268882751,0.28045,78.47825512820513,65.44922673031026
0,afm_4i17a00_9.pdb_partialdiff_7_seq_36.pdb_relaxed_capsid_1_design_full.pdb,11.7,-6.57,4.190034698081404e-25,0.39705,4.190034698081404e-25,0.32004,21.13274574279785,0.18321,68.55863914373089,65.62299246575343
0,metric_d3g0oa2_3.pdb_partialdiff_3_seq_25.pdb_relaxed_capsid_4_design_full.pdb,21.9,39.54,4.190034698081404e-25,0.46425,0.0,0.1666,9.60516357421875,0.22011,75.68941900647948,40.24998003629764
0,metric_d1ayea2_9.pdb_partialdiff_3_seq_41.pdb_relaxed_capsid_4_design_full.pdb,2.45,6.53,0.0,0.36782,0.0,0.27898,20.147592544555664,0.26398,59.399546875,57.36824758220503
0,afm_2aq6a00_5.pdb_partialdiff_8_seq_37.pdb_relaxed_capsid_4_design_full.pdb,44.51,-9.55,0.0,0.39453,4.190034698081404e-25,0.49677,18.551868438720703,0.27175,66.9063686481304,71.2551813602015
0,metric_d3gqba4_4.pdb_partialdiff_7_seq_10.pdb_relaxed_capsid_1_design_full.pdb,0.23,14.01,0.0,0.49411,0.0,0.46756,24.383588790893555,0.25954,80.58061675579323,82.2907974537037
0,afm_7k00o_8.pdb_partialdiff_2_seq_35.pdb_relaxed_capsid_2_design_full.pdb,-3.17,10.9,0.0,0.29386,4.190034698081404e-25,0.44971,16.089584350585938,0.26472,65.32058888888889,82.49668614718615
0,afm_3zc0d00_2.pdb_partialdiff_3_seq_17.pdb_relaxed_capsid_2_design_full.pdb,2.14,-2.26,0.0,0.33148,4.190034698081404e-25,0.47579,30.719871520996094,0.2933,72.23453411371237,83.01624716494845
0,afm_5z51a_5.pdb_partialdiff_0_seq_13.pdb_relaxed_capsid_2_design_full.pdb,24.0,4.59,0.0,0.28114,4.190034698081404e-25,0.48605,30.53763198852539,0.25724,64.56447283856158,85.9289596844873
0,afm_d3o07a__8.pdb_partialdiff_6_seq_20.pdb_relaxed_capsid_1_design_full.pdb,14.32,19.41,0.0,0.47562,0.0,0.27883,30.53087615966797,0.13293,78.49895065950172,54.15330699088146
0,afm_d5tzma__5.pdb_partialdiff_5_seq_21.pdb_relaxed_capsid_4_design_full.pdb,8.6,18.25,0.0,0.58507,0.0,0.53631,16.461671829223633,0.27302,81.88416795665634,83.83224744897959
0,afm_d1blxb__1.pdb_partialdiff_3_seq_24.pdb_relaxed_capsid_4_design_full.pdb,34.41,-5.31,4.190034698081404e-25,0.53126,4.190034698081404e-25,0.46318,25.25140953063965,0.29486,83.42166501240695,77.66960838445807
0,afm_d4fura__2.pdb_partialdiff_4_seq_30.pdb_relaxed_capsid_2_design_full.pdb,29.72,-2.36,0.0,0.49695,0.0,0.51449,19.749614715576172,0.28692,74.91155141388175,81.85741935483871
0,afm_5t76a_3.pdb_partialdiff_4_seq_18.pdb_relaxed_capsid_2_design_full.pdb,33.57,-0.98,0.0,0.22065,0.0,0.41018,20.948631286621094,0.15374,56.78001920180723,65.7723617594255
0,metric_4b0fb00_6.pdb_conditioning_2_seq_38.pdb_relaxed_capsid_3_design_full.pdb,26.13,12.27,0.0,0.47274,4.190034698081404e-25,0.47046,16.61969757080078,0.23486,82.97744933920706,58.705832630098456
0,afm_3w6va00_1.pdb_partialdiff_9_seq_2.pdb_relaxed_capsid_0_design_full.pdb,12.09,31.05,0.0,0.51748,0.0,0.20784,20.42645263671875,0.32657,86.59068204488779,78.76908766014834
0,afm_3w6va00_6.pdb_partialdiff_2_seq_32.pdb_relaxed_capsid_0_design_full.pdb,4.02,0.81,0.0,0.51754,0.0,0.50049,7.64787483215332,0.18412,82.49474830699775,85.7863313253012
0,afm_d1u7ba1_2.pdb_partialdiff_7_seq_30.pdb_relaxed_capsid_1_design_full.pdb,13.66,-14.54,0.0,0.25416,0.0,0.49136,14.487722396850586,0.16189,80.06401630434783,85.30098618090452
0,metric_d4a5xa__6.pdb_partialdiff_5_seq_14.pdb_relaxed_capsid_2_design_full.pdb,33.35,3.01,0.0,0.43442,0.0,0.49381,19.057952880859375,0.38625,81.45112775735294,81.86238532110092
0,afm_d1seda__4.pdb_partialdiff_1_seq_9.pdb_relaxed_capsid_2_design_full.pdb,-10.38,6.6,4.190034698081404e-25,0.47116,0.0,0.5723,17.370742797851562,0.3111,83.95635534934497,75.93763385826772
0,metric_1n1cb02_6.pdb_partialdiff_4_seq_36.pdb_relaxed_capsid_2_design_full.pdb,-19.16,52.44,0.0,0.45987,0.0,0.46168,15.984099388122559,0.38691,88.07093322981366,82.39710700876095
0,afm_d5cdka1_3.pdb_partialdiff_8_seq_41.pdb_relaxed_capsid_0_design_full.pdb,-13.12,6.22,0.0,0.42927,0.0,0.4684,18.588655471801758,0.20587,70.43116046681254,82.10144402634054
0,afm_5i29a_6.pdb_partialdiff_3_seq_12.pdb_relaxed_capsid_3_design_full.pdb,8.78,-0.55,0.0,0.44729,0.0,0.24828,18.157447814941406,0.287,74.97043497757848,83.91700977198697
0,metric_6jlca_2.pdb_partialdiff_6_seq_24.pdb_relaxed_capsid_4_design_full.pdb,12.79,0.62,0.0,0.30442,0.0,0.5476,14.397841453552246,0.13345,77.63312903225807,84.62685972461274
0,afm_d3ldza__6.pdb_partialdiff_5_seq_29.pdb_relaxed_capsid_3_design_full.pdb,4.94,-16.48,4.190034698081404e-25,0.41948,0.0,0.47943,25.17222785949707,0.24507,73.7592414507772,81.61232352941177
0,afm_4mkib00_9.pdb_partialdiff_1_seq_12.pdb_relaxed_capsid_4_design_full.pdb,16.48,3.3,0.0,0.48551,0.0,0.47604,22.276840209960938,0.14459,82.6268485060691,67.71843113772455
0,metric_3mm5a01_5.pdb_partialdiff_0_seq_9.pdb_relaxed_capsid_4_design_full.pdb,-7.53,-13.27,0.0,0.30404,0.0,0.51157,21.409008026123047,0.27867,76.18782591093117,86.86179731343283
0,metric_3shgb00_6.pdb_partialdiff_6_seq_36.pdb_relaxed_capsid_2_design_full.pdb,4.77,9.45,0.0,0.55075,0.0,0.52081,13.804770469665527,0.32052,81.62666381156316,87.16578253055356
0,metric_d7jjka__6.pdb_partialdiff_4_seq_7.pdb_relaxed_capsid_4_design_full.pdb,56.43,-17.56,0.0,0.22028,4.190034698081404e-25,0.47579,0.11158894002437592,0.3554,43.8196313559322,88.09083272561531
0,afm_d6am3a__1.pdb_partialdiff_5_seq_10.pdb_relaxed_capsid_2_design_full.pdb,-5.75,23.72,0.0,0.40237,0.0,0.48705,23.96870231628418,0.26496,61.63487219101123,85.10203604294479
0,afm_d2nzca1_0.pdb_partialdiff_7_seq_38.pdb_relaxed_capsid_1_design_full.pdb,11.74,11.01,0.0,0.54905,0.0,0.49956,14.794294357299805,0.29259,83.28133475298127,85.64179744958481
0,afm_4acfa01_0.pdb_partialdiff_2_seq_8.pdb_relaxed_capsid_3_design_full.pdb,11.68,10.67,0.0,0.22219,0.0,0.47699,16.422971725463867,0.27001,45.820609353507564,84.2884087403599
0,afm_d1blxb__9.pdb_partialdiff_7_seq_39.pdb_relaxed_capsid_0_design_full.pdb,14.11,1.85,4.190034698081404e-25,0.40323,0.0,0.54803,13.810527801513672,0.19522,66.09871669407895,84.76297837370242
0,afm_d2oxqc__7.pdb_partialdiff_4_seq_22.pdb_relaxed_capsid_4_design_full.pdb,-6.59,2.55,4.190034698081404e-25,0.27939,0.0,0.48962,10.544634819030762,0.31176,58.520667002012075,89.23374406204556
0,afm_d1tw0a1_3.pdb_partialdiff_7_seq_34.pdb_relaxed_capsid_0_design_full.pdb,-4.47,11.56,4.190034698081404e-25,0.54528,0.0,0.48419,18.0308895111084,0.15954,86.26057730560579,78.81468783068783
0,afm_3kzqa00_9.pdb_partialdiff_0_seq_4.pdb_relaxed_capsid_1_design_full.pdb,20.58,10.51,0.0,0.49243,0.0,0.57291,10.923584938049316,0.14639,85.65353062462098,79.80005665722379
0,afm_3onja00_7.pdb_partialdiff_9_seq_7.pdb_relaxed_capsid_1_design_full.pdb,26.23,-3.33,0.0,0.26581,0.0,0.49922,11.26705551147461,0.25428,53.851143669985774,89.21702054794521
0,afm_d1iiba__7.pdb_partialdiff_9_seq_11_capsid_4_design_full.pdb,-2.23,-29.51,0.0,0.49771,4.190034698081404e-25,0.30572,25.728397369384766,0.17793,79.20565225806452,71.93878807471265
0,afm_5hvoa02_6.pdb_partialdiff_5_seq_9.pdb_relaxed_capsid_4_design_full.pdb,-1.83,12.5,0.0,0.5359,0.0,0.50242,13.806375503540039,0.15811,82.2759535236938,79.23511988304094
0,afm_5uh7a_9.pdb_partialdiff_2_seq_28.pdb_relaxed_capsid_4_capsid_0_design_full.pdb,20.95,-2.98,4.190034698081404e-25,0.24953,4.190034698081404e-25,0.48474,22.741363525390625,0.2039,59.40620902489626,82.02422206506365
0,afm_4lupa00_7.pdb_partialdiff_0_seq_9.pdb_relaxed_capsid_2_design_full.pdb,11.8,1.04,0.0,0.48272,0.0,0.46239,15.258477210998535,0.32405,72.12494986449865,77.55465714285714
0,metric_1n1cb02_4.pdb_partialdiff_0_seq_22.pdb_relaxed_capsid_2_design_full.pdb,12.64,34.15,4.190034698081404e-25,0.28142,0.0,0.48162,20.461637496948242,0.34416,57.207168316831684,84.35226769578313
0,afm_d4lfhg2_6.pdb_partialdiff_6_seq_8.pdb_relaxed_capsid_4_design_full.pdb,18.85,-2.98,0.0,0.20381,4.190034698081404e-25,0.57465,15.697531700134277,0.27035,38.22591207153502,80.78859126984128
0,afm_3adga00_8.pdb_partialdiff_5_seq_11.pdb_relaxed_capsid_2_design_full.pdb,4.24,-24.46,0.0,0.44718,0.0,0.2768,17.454938888549805,0.24824,83.1164786407767,56.64635877862595
0,afm_2x49a03_7.pdb_partialdiff_4_seq_24.pdb_relaxed_capsid_2_design_full.pdb,56.43,1.43,0.0,0.49504,0.0,0.27211,17.086639404296875,0.36265,74.9979854862119,53.09084379457917
0,metric_4gyta00_3.pdb_partialdiff_7_seq_18.pdb_relaxed_capsid_1_design_full.pdb,14.6,8.17,0.0,0.25541,0.0,0.53702,19.065948486328125,0.22533,54.19543929110105,79.78419813391876
0,afm_5j10a_0.pdb_partialdiff_9_seq_9.pdb_relaxed_capsid_2_design_full.pdb,-31.19,46.46,4.190034698081404e-25,0.27791,4.190034698081404e-25,0.48951,0.6617578268051147,0.23913,80.35257698961938,70.73357335329341
0,metric_3fkhd00_1.pdb_partialdiff_5_seq_21.pdb_relaxed_capsid_3_design_full.pdb,42.53,3.65,4.190034698081404e-25,0.18992,4.190034698081404e-25,0.45026,19.123624801635742,0.22711,48.6105910693302,76.06822583201267
0,afm_5t76a_6.pdb_partialdiff_2_seq_29.pdb_relaxed_capsid_0_design_full.pdb,39.68,-8.17,0.0,0.41663,0.0,0.49728,28.882585525512695,0.18751,57.33663171521036,85.70143269821757
0,afm_3gdwa00_5.pdb_partialdiff_2_seq_30.pdb_relaxed_capsid_0_design_full.pdb,40.01,-3.82,4.190034698081404e-25,0.32767,0.0,0.40193,11.380151748657227,0.21729,45.82324593023256,65.1260466893039
0,afm_d4dssb__8.pdb_partialdiff_9_seq_21.pdb_relaxed_capsid_4_design_full.pdb,14.87,26.08,0.0,0.50128,0.0,0.48993,16.648799896240234,0.34869,86.5691512605042,85.10971013557133
0,afm_d1r0ka1_6.pdb_partialdiff_3_seq_6.pdb_relaxed_capsid_2_design_full.pdb,-4.94,31.67,0.0,0.47861,0.0,0.477,21.48904800415039,0.41123,81.0812080792683,81.63404217432053
0,metric_4ymud00_6.pdb_partialdiff_6_seq_3.pdb_relaxed_capsid_2_design_full.pdb,9.22,-8.82,0.0,0.29812,0.0,0.53064,24.104063034057617,0.25372,54.64467485380117,87.40078437792329
0,afm_4cema00_2.pdb_partialdiff_0_seq_19.pdb_relaxed_capsid_2_design_full.pdb,27.76,-4.76,0.0,0.43906,4.190034698081404e-25,0.45437,25.669052124023438,0.11606,69.63884135802469,70.08500200267022
0,afm_d1dvpa1_1.pdb_partialdiff_0_seq_30.pdb_relaxed_capsid_2_design_full.pdb,36.17,3.49,0.0,0.48273,4.190034698081404e-25,0.50125,21.082168579101562,0.27602,84.67539694323145,72.78654133466135
0,metric_3d3qb02_8.pdb_partialdiff_3_seq_41.pdb_relaxed_capsid_3_design_full.pdb,7.43,1.98,0.0,0.51655,0.0,0.48433,9.582684516906738,0.2707,84.24158818181819,88.19668017366136
0,metric_d6hcia__3.pdb_partialdiff_0_seq_12.pdb_relaxed_capsid_0_design_full.pdb,7.42,16.17,4.190034698081404e-25,0.50511,0.0,0.54458,19.825103759765625,0.24038,81.95318324250681,85.12985688729874
0,afm_4cema00_8.pdb_partialdiff_2_seq_21.pdb_relaxed_capsid_0_design_full.pdb,56.1,21.23,0.0,0.34693,0.0,0.37218,4.56126070022583,0.15431,78.48442692154521,53.51969294605809
0,afm_5t76a_5.pdb_partialdiff_9_seq_33.pdb_relaxed_capsid_1_design_full.pdb,-16.04,13.65,0.0,0.38418,0.0,0.42478,16.84705352783203,0.1235,80.80280663329161,82.8358825710754
0,metric_3f9ua00_1.pdb_partialdiff_1_seq_3.pdb_relaxed_capsid_4_design_full.pdb,17.16,6.07,4.190034698081404e-25,0.37977,4.190034698081404e-25,0.59002,10.31238842010498,0.21225,62.73120223577236,86.11009760956175
0,afm_6mq5a_7.pdb_partialdiff_4_seq_12.pdb_relaxed_capsid_4_design_full.pdb,5.04,6.59,4.190034698081404e-25,0.53512,0.0,0.5627,18.39668083190918,0.1567,86.36541050054407,81.18640233722871
0,afm_d1gq2a1_8.pdb_partialdiff_7_seq_35.pdb_relaxed_capsid_1_design_full.pdb,18.44,3.75,0.0,0.4874,0.0,0.51825,17.1372127532959,0.10639,82.60604579093432,82.88206936936938
0,afm_d1xqra1_7.pdb_partialdiff_2_seq_16.pdb_relaxed_capsid_3_design_full.pdb,6.95,-11.24,0.0,0.57723,0.0,0.22363,17.150129318237305,0.20262,80.64762679900744,56.99627817745803
0,metric_5l87a00_0.pdb_partialdiff_1_seq_37.pdb_relaxed_capsid_3_design_full.pdb,-7.64,0.82,0.0,0.29763,0.0,0.48721,11.311241149902344,0.26445,62.856036046511626,79.61979556650246
0,afm_6hk5a_6.pdb_partialdiff_8_seq_35.pdb_relaxed_capsid_1_design_full.pdb,-6.23,-5.54,4.190034698081404e-25,0.48862,0.0,0.55982,22.266334533691406,0.28424,82.34328016359918,83.41195948987247
0,afm_d3ldza__5.pdb_partialdiff_4_seq_17.pdb_relaxed_capsid_3_design_full.pdb,-9.72,14.56,0.0,0.19937,4.190034698081404e-25,0.37465,17.237558364868164,0.36492,56.51025524861878,84.77778486055777
0,afm_5j10a_6.pdb_partialdiff_1_seq_25.pdb_relaxed_capsid_4_design_full.pdb,18.47,-16.07,0.0,0.51855,0.0,0.35811,22.782712936401367,0.428,68.1279094488189,73.10173545706371
0,metric_d3g0oa2_5.pdb_partialdiff_6_seq_20.pdb_relaxed_capsid_4_design_full.pdb,-0.32,25.02,0.0,0.44813,0.0,0.22851,17.881996154785156,0.35496,68.27448837209302,49.06577195467422
0,afm_1xawa01_1.pdb_partialdiff_0_seq_25.pdb_relaxed_capsid_4_capsid_1_design_full.pdb,6.94,19.38,4.190034698081404e-25,0.31519,4.190034698081404e-25,0.28346,16.422019958496094,0.19174,62.24655518617021,59.91273404255319
0,afm_1z08c00_6.pdb_partialdiff_1_seq_30.pdb_relaxed_capsid_1_design_full.pdb,1.12,12.63,0.0,0.59134,0.0,0.47484,24.71747398376465,0.15863,87.532924219345,69.05159240506329
0,metric_5jrja02_4.pdb_partialdiff_3_seq_33.pdb_relaxed_capsid_3_design_full.pdb,9.14,59.94,0.0,0.33455,0.0,0.48166,12.650079727172852,0.34245,57.88780760869565,85.12233874139626
0,afm_6ne2b00_4.pdb_partialdiff_3_seq_33.pdb_relaxed_capsid_0_design_full.pdb,16.2,16.56,0.0,0.49296,0.0,0.48904,19.11960792541504,0.29367,86.93607541528239,83.54878529792747
0,metric_2vkja00_0.pdb_partialdiff_2_seq_39.pdb_relaxed_capsid_1_design_full.pdb,3.81,5.33,0.0,0.55731,0.0,0.50188,22.70134162902832,0.35038,85.11341274752475,84.23175812619503
0,afm_4dzza00_7.pdb_partialdiff_8_seq_17.pdb_relaxed_capsid_1_design_full.pdb,39.88,6.46,0.0,0.59722,0.0,0.49254,25.55241584777832,0.2728,88.93454542626012,89.78271347844286
