,file_ID,RMSD_pred-ex_w,Tm_pred-ex_w,RMSD_pred-ex_wo,Tm_pred-ex_wo,RMSD_w_wo,Tm_w_wo,RMSD_pred-og_w,Tm_pred-og_w,RMSD_pred-og_wo,Tm_pred-og_wo,solubility_w,solubility_wo,hydrophob_w,hydrophob_wo,pLDDT_w,pLDDT_wo,stab_w,stab_wo,stab_orig,delta_delta_g_w,delta_delta_g_wo
0,metric_5jrja02_4,7.85392427444458,0.32836,7.239617824554443,0.39432,0.1078813374042511,0.32248,0.188771590590477,0.39294,11.384270668029785,0.37088, 0.746, 0.575,0.04237288135593214,0.02903225806451607,64.67055,68.73399522673031,2.9180778469537385,3.576640112191412,2.9415626011601876,-0.023484754206449132,0.6350775110312243
1,metric_d7jjka__6,11.932882308959961,0.33727,1.6241023540496826,0.91282,2.934422492980957,0.34371,0.5768466591835022,0.31864,8.496525764465332,0.15635, 0.848, 0.550,-0.329032258064516,0.7167441860465115,48.6845593220339,82.71710526315789,3.8092173058368104,2.7266404290493247,2.0141650054506037,1.7950523003862067,0.712475423598721
2,metric_1n1cb02_6,1.0553783178329468,0.92191,0.6261368989944458,0.9581,11.46771240234375,0.66174,0.21254248917102814,0.66714,3.4929299354553223,0.72972, 0.807, 0.714,-1.494736842105264,-0.323611111111111,87.64931677018633,91.32779266055046,4.808608790613882,4.628861300635808,2.7897429682050614,2.018865822408821,1.839118332430747
3,afm_7k00o_2,3.5805490016937256,0.58101,1.752560019493103,0.91939,5.858809471130371,0.45241,7.666533470153809,0.54974,14.560559272766113,0.19913, 0.875, 0.621,-1.0159090909090915,0.14194756554307114,74.4179849726776,88.42129891838741,3.968796674223329,4.13192938957917,3.730886363487148,0.23791031073618107,0.40104302609202236
4,metric_5z51a_4,2.626702070236206,0.78668,0.7331272959709167,0.92857,8.305459976196289,0.2456,15.630590438842773,0.59249,5.72988224029541,0.38022, 0.883, 0.614,-0.39493670886075927,0.28666666666666674,69.71323925863521,93.82183044982699,8.194576599330507,10.52773239698877,7.196730622009346,0.9978459773211608,3.3310017749794234
5,afm_4i17a00_2,0.9147706031799316,0.96998,1.3998653888702393,0.87067,14.716643333435059,0.23044,12.867486953735352,0.62957,1.986311912536621,0.36821, 0.821, 0.796,-0.16322869955156954,-0.17166666666666702,85.77146483704975,83.14154668166479,13.73807582235447,11.426093644208365,10.394415132445161,3.343660689909308,1.0316785117632037
6,afm_3kzqa00_9,0.7372797727584839,0.97878,1.2647398710250854,0.86934,6.988316535949707,0.31055,3.6093132495880127,0.76329,8.76681900024414,0.3584, 0.854, 0.675,-0.30048543689320373,-0.19113924050632894,89.12197028502122,75.675892527288,13.432701116114838,12.073523009361395,10.669433716821672,2.7632673992931664,1.404089292539723
7,metric_d3g0oa2_3,0.9479395747184753,0.9088,1.0981172323226929,0.80152,7.758041858673096,0.28995,4.984515190124512,0.65406,8.311406135559082,0.49189, 0.843, 0.655,-0.38166666666666677,-0.381967213114754,84.75640388768899,88.20012554112554,7.853144604935678,6.96115543875717,4.958231089979239,2.894913514956439,2.002924348777931
8,metric_2vkja00_0,1.0294421911239624,0.9254,1.0800524950027466,0.9566,13.561551094055176,0.32039,13.497451782226562,0.6138,8.370039939880371,0.20286, 0.762, 0.890,-1.160000000000001,-0.23009708737864076,90.81045668316831,87.59344191763982,6.825867788587089,4.892865414985835,4.12117703521206,2.7046907533750284,0.7716883797737744
9,afm_d1seda__4,0.9522285461425781,0.91659,0.9732949733734131,0.9679,4.808177471160889,0.38138,8.118979454040527,0.59582,7.50031852722168,0.15302, 0.781, 0.443,-0.933636363636365,-0.12345276872964162,87.89940502183406,92.84255546253662,7.548333520361613,5.767965286796541,4.874372684811236,2.6739608355503766,0.8935926019853051
10,afm_5t76a_6,4.304574012756348,0.58684,1.3287708759307861,0.85964,3.974949359893799,0.21814,3.998223304748535,0.57837,15.577945709228516,0.47037, 0.987, 0.690,-0.5666666666666673,0.30434782608695654,60.64394822006472,88.95500849858357,9.238656794637635,11.53686957541388,8.22529648862118,1.0133603060164553,3.3115730867927002
11,afm_d1xqra1_7,1.6228208541870117,0.87935,2.091127872467041,0.75578,15.55179500579834,0.33411,10.372177124023438,0.80352,7.517223834991455,0.42582, 0.728, 0.566,0.04419475655430699,-0.22228260869565233,84.79287493796527,75.74075531135531,15.926268589693276,17.496770254214113,11.211737715981029,4.714530873712247,6.285032538233084
12,metric_d3g0oa2_5,3.990710735321045,0.60445,0.9306420683860779,0.93616,17.070642471313477,0.31644,7.865944862365723,0.51331,11.333967208862305,0.29012, 0.797, 0.658,-0.4116666666666664,0.22111111111111098,69.6402864693446,85.92282595648912,5.485297987737591,6.7534306002777775,4.843609947411815,0.6416880403257768,1.909820652865963
13,afm_d2j5ya2_6,1.243445873260498,0.82258,1.256102442741394,0.91659,0.5419667363166809,0.46211,0.2892989218235016,0.73152,0.5750924944877625,0.18751, 0.774, 0.453,-0.6423076923076925,-0.09858156028368796,90.90157002457002,89.8619899726527,3.3019293152446414,3.12421859865532,2.6590302011452867,0.6428991140993547,0.46518839751003327
14,afm_4i17a00_9,6.731019973754883,0.52287,0.8358745574951172,0.95535,14.767431259155273,0.28654,19.344562530517578,0.61079,8.162483215332031,0.30104, 0.859, 0.757,-0.5112107623318388,-0.2449704142011833,71.9161871559633,89.11543941717791,13.347004699107647,13.294151406357722,10.358262168612965,2.9887425304946813,2.9358892377447567
15,metric_5t51b_2,3.094351291656494,0.65867,0.8502577543258667,0.97577,13.233977317810059,0.45131,0.5300298929214478,0.54669,8.999785423278809,0.19407, 0.786, 0.720,-1.9348314606741581,0.11176470588235281,83.96578974358974,91.0174752238806,4.941169719220598,3.958965127482358,2.626478476198306,2.314691243022292,1.3324866512840519
16,afm_d2hyva__7,31.241390228271484,0.25044,18.190380096435547,0.32748,15.18714427947998,0.31291,12.793495178222656,0.31638,12.853276252746582,0.34503, 0.664, 0.679,-0.014657980456025935,0.05300353356890445,54.87900304878049,86.9129744067008,15.902503907182002,18.79321043272944,17.10429363583091,-1.201789728648908,1.6889167968985284
17,afm_3gdwa00_5,3.312418222427368,0.58228,0.7744230628013611,0.87803,7.955219268798828,0.19755,10.17635440826416,0.59764,5.091617584228516,0.27204, 0.906, 0.749,0.08030303030303032,0.2813559322033897,47.93395348837209,92.89362168674698,7.125512205033825,8.830029103139358,6.135161404192715,0.9903508008411102,2.694867698946643
18,afm_5j10a_6,0.9187852740287781,0.86527,0.5467101335525513,0.97214,4.174056529998779,0.38326,10.292165756225586,0.67938,12.616899490356445,0.25701, 0.898, 0.766,-0.8455882352941172,0.2757281553398059,77.81532677165355,92.0045625,3.1468537460519546,3.412078131332388,2.209694489946002,0.9371592561059527,1.202383641386386
19,metric_6jlca_2,1.541735291481018,0.94388,1.1598289012908936,0.89047,9.208991050720215,0.14174,5.304471969604492,0.76149,5.919580936431885,0.3305, 0.875, 0.780,-0.81447963800905,0.2140845070422535,84.34562311827958,90.44016936936937,13.590917014654163,12.513772544796385,10.239305162577068,3.351611852077095,2.274467382219317
20,afm_3zc0d00_2,8.590787887573242,0.56395,1.0752917528152466,0.9321,8.004362106323242,0.33706,14.738497734069824,0.50563,14.740898132324219,0.276, 0.805, 0.720,-0.7472826086956538,-0.013899613899613868,79.5865304347826,84.145043814433,10.066976485132686,10.397852042695853,7.488193808978579,2.5787826761541073,2.9096582337172734
21,afm_3w6va00_1,1.3674668073654175,0.89079,5.5104289054870605,0.80525,11.564196586608887,0.29634,4.882758140563965,0.64538,10.59749984741211,0.40605, 0.721, 0.817,-0.3514285714285714,-0.3794117647058823,93.6158578553616,88.60322284644195,6.991689441317878,7.262184303031941,5.097916385770075,1.8937730555478032,2.164267917261866
22,afm_1z08c00_6,0.6293874382972717,0.97985,10.349678993225098,0.50047,17.91853141784668,0.39261,1.949959397315979,0.68985,7.60772180557251,0.32158, 0.773, 0.730,-0.007272727272727279,0.17101449275362332,91.2305597867479,83.9994012137559,11.870997780594077,9.371406095044383,8.098726813609439,3.772270966984639,1.2726792814349448
23,metric_3mm5a01_5,1.3462560176849365,0.81995,0.7990567088127136,0.92532,1.8949060440063477,0.28629,6.313727855682373,0.53394,5.188714981079102,0.19859, 0.828, 0.572,-1.520000000000001,-0.1639175257731958,86.77558704453442,86.62102046783626,4.040410996136747,3.321781269654908,2.7697947936767155,1.2706162024600314,0.5519864759781923
24,afm_4lupa00_7,0.9000543355941772,0.91693,2.483001470565796,0.78166,4.821683883666992,0.415,1.6212847232818604,0.71628,5.0874552726745605,0.19747, 0.892, 0.735,-0.9636363636363641,1.8235547264374552e-16,74.48665853658537,90.24928663653971,4.538828202650794,4.598459935727419,3.143708938964001,1.3951192636867926,1.4547509967634182
25,afm_5t76a_3,16.775747299194336,0.32031,0.5930832624435425,0.95099,8.504935264587402,0.20941,5.839730739593506,0.3839,4.50553560256958,0.4083, 0.822, 0.550,-0.6942028985507269,-0.08571428571428567,59.365518072289156,94.2931952191235,11.2880916567097,10.79348459529079,8.212775302084813,3.0753163546248867,2.5807092932059774
26,afm_d2nzca1_0,0.9600136280059814,0.87628,0.7033374309539795,0.9668,5.969716548919678,0.35496,3.0840108394622803,0.8109,10.293647766113281,0.32313, 0.751, 0.799,0.09358974358974358,0.05769230769230774,89.91699488926746,92.26479452054795,4.44236839988275,4.95821925446802,3.1259118217728252,1.316456578109925,1.8323074326951945
27,afm_5mfof00_2,0.9582818150520325,0.97088,2.265002727508545,0.75946,0.8780370354652405,0.22983,1.5622024536132812,0.8318,14.427912712097168,0.29003, 0.931, 0.578,-0.22537313432835812,0.12957746478873236,90.66543193384224,74.3441367265469,13.35351523311327,15.066463285181944,12.535965887029247,0.8175493460840233,2.530497398152697
28,metric_d6hcia__3,0.9640095233917236,0.93758,5.5845770835876465,0.55131,8.137871742248535,0.34709,7.442602634429932,0.70594,5.793869972229004,0.33613, 0.923, 0.791,-0.029896907216494812,0.49062500000000003,86.07070708446867,60.67366930379747,5.874369756227316,6.344613687671241,4.243240945192673,1.6311288110346434,2.101372742478568
29,metric_3d3qb02_8,0.5120797157287598,0.95906,1.2815937995910645,0.79806,4.025016784667969,0.29176,6.808690547943115,0.59043,5.618295669555664,0.24551, 0.762, 0.613,-0.8104477611940297,-0.10444444444444431,90.76152181818182,77.91293977812995,4.659402449798522,4.317467714655809,3.1470237415682822,1.5123787082302398,1.1704439730875267
30,afm_d4lfhg2_6,16.653825759887695,0.19539,0.5435725450515747,0.93112,5.515558242797852,0.2074,2.7330431938171387,0.30819,6.158339977264404,0.33618, 0.588, 0.634,0.30093457943925245,0.25000000000000006,40.56713263785395,90.16940703517588,4.821791687788885,4.510114124740524,4.74820030812,0.0735913796688843,-0.23808618337947607
31,afm_4cema00_8,5.129498481750488,0.59982,13.353931427001953,0.35894,17.01646614074707,0.12387,13.991336822509766,0.77566,7.453914165496826,0.30229, 0.733, 0.584,-0.6542483660130728,-0.0990291262135922,82.3323361210673,46.13104605263158,17.497123452417462,13.126478670177738,12.664562673034851,4.832560779382611,0.4619159971428868
32,afm_d1tw0a1_3,1.0008125305175781,0.95225,1.2564444541931152,0.88489,8.533655166625977,0.25368,14.866214752197266,0.67297,10.311585426330566,0.28187, 0.724, 0.683,-0.07414965986394535,-0.16640625000000006,89.34452350813743,80.91772609561752,10.135365667124415,9.294655497997661,7.343471625951528,2.7918940411728865,1.9511838720461334
33,afm_d3o07a__8,1.2548775672912598,0.93283,0.6033259630203247,0.94881,15.368618965148926,0.12991,5.384790420532227,0.75442,5.707978248596191,0.3122, 0.808, 0.786,-0.0749034749034749,0.353846153846154,80.60629262335125,92.08889845094664,15.962923319631608,13.610683568633377,14.311191361336899,1.6517319582947092,-0.7005077927035224
34,metric_3fkhd00_1,16.627330780029297,0.22776,0.7217408418655396,0.95629,13.3803071975708,0.34604,12.207402229309082,0.54908,10.016593933105469,0.19917, 0.732, 0.676,0.24297520661157063,0.09583333333333338,58.840528789659224,92.21218116462977,7.1272602998546395,5.740599267537494,4.310158744592963,2.8171015552616767,1.4304405229445312
35,afm_4cema00_2,1.9578522443771362,0.71922,4.922878742218018,0.68512,6.187450408935547,0.34852,4.768826484680176,0.59708,14.198988914489746,0.30549, 0.606, 0.374,-0.17058823529411835,0.2122448979591829,70.55516790123457,93.78886890819795,14.807895921071392,17.56381248438151,12.103428708177551,2.7044672128938405,5.46038377620396
36,metric_4ymud00_6,4.317419052124023,0.7041,0.6707513332366943,0.90943,12.536687850952148,0.19777,5.327852725982666,0.60285,0.6888442039489746,0.59472, 0.838, 0.762,-0.45627906976744215,-1.2125000000000004,56.22447660818713,91.51826037735849,8.032317551585953,11.404221184381324,11.08295382440524,-3.050636272819288,0.32126735997608336
37,afm_d4fura__2,0.8105201721191406,0.92713,0.6056050658226013,0.97207,3.023758888244629,0.31667,4.808113098144531,0.68863,8.011160850524902,0.24618, 0.906, 0.640,-0.9020833333333337,-0.19310344827586207,63.752535989717224,92.3394265442404,5.2540474478683965,4.3644579584570495,4.500276167329872,0.7537712805385244,-0.1358182088728226
38,afm_3w6va00_6,1.0351203680038452,0.94405,1.320207118988037,0.94923,7.488152980804443,0.39312,9.837362289428711,0.61374,13.087423324584961,0.20583, 0.830, 0.506,-0.6761904761904762,-0.23006535947712425,88.67091309255079,84.29502430846605,7.02894920320888,6.645398047940385,5.286027934238207,1.7429212689706732,1.3593701137021785
39,afm_d3ldza__6,0.895638108253479,0.83397,0.8017760515213013,0.96706,14.631421089172363,0.36862,8.273436546325684,0.65434,10.85824966430664,0.25149, 0.560, 0.810,0.44671532846715284,-0.1687499999999999,79.68930880829015,89.11454561717352,7.978696124459324,8.68021025192484,6.204241447262578,1.7744546771967462,2.475968804662263
40,afm_d1r0ka1_6,0.681998074054718,0.91297,1.9482333660125732,0.78297,0.3201153576374054,0.34851,3.1667792797088623,0.61933,11.672112464904785,0.38851, 0.673, 0.643,-0.3212499999999999,-0.6852941176470594,89.9949756097561,90.33100352733686,4.946096844863126,3.563379694661796,4.048755093897347,0.8973417509657793,-0.48537539923555073
41,afm_5j10a_0,0.8635178208351135,0.89719,0.7833356261253357,0.89074,6.250647068023682,0.38626,3.8776955604553223,0.76329,9.349042892456055,0.1776, 0.883, 0.733,-1.0426470588235297,0.008484848484848477,92.27719723183391,82.57540891010342,4.1549623291475655,3.849845169402518,2.407397529668862,1.7475647994787034,1.4424476397336559
42,afm_d1gq2a1_8,0.984544575214386,0.96185,0.9250314831733704,0.89603,7.922221660614014,0.1484,3.5978729724884033,0.75844,12.752486228942871,0.31876, 0.804, 0.723,0.008727272727272802,-3.23815048849004e-17,84.93218131359852,90.77205788712011,17.11164862439768,18.705738963214554,14.830090925509104,2.2815576988885766,3.8756480377054494
43,afm_4dzza00_7,0.5086166262626648,0.98918,1.4347766637802124,0.67422,13.917312622070312,0.1008,2.2892613410949707,0.8037,9.459571838378906,0.36782, 0.761, 0.638,0.28786407766990246,0.4215686274509806,93.20099253266957,85.51468421052631,14.55084291979775,13.097098713596392,11.943813285324385,2.607029634473365,1.1532854282720066
44,afm_d1blxb__9,3.9386680126190186,0.74565,1.5466864109039307,0.61602,12.004664421081543,0.18382,9.562544822692871,0.6232,5.108735084533691,0.32627, 0.808, 0.796,0.1554140127388536,0.22400000000000006,70.38396381578947,74.90567504488331,7.675339389903773,11.794601089055508,8.814253405581667,-1.1389140156778934,2.980347683473841
45,afm_d4dssb__8,0.5920344591140747,0.97763,2.2069499492645264,0.7818,6.68951940536499,0.28415,4.2042646408081055,0.85817,8.833684921264648,0.282, 0.763, 0.599,-0.17115384615384618,0.016190476190476297,92.7581512605042,89.98292954264524,7.304023962258567,7.348613334029403,6.90323405254884,0.4007899097097267,0.4453792814805624
46,afm_d1blxb__1,1.7638272047042847,0.86113,5.803096294403076,0.45348,11.265631675720215,0.15204,2.167351722717285,0.79841,12.084240913391113,0.3207, 0.809, 0.519,-0.25796178343949056,0.18421052631578946,88.23653928866833,62.92878816793893,12.069508993628334,11.927694474894976,9.544136217552413,2.525372776075921,2.383558257342562
47,metric_d1ayea2_9,5.340491771697998,0.48004,0.7641056180000305,0.9445,5.918968200683594,0.35936,5.838113307952881,0.61109,6.967743396759033,0.20017, 0.848, 0.801,-0.15760869565217372,0.41262135922330057,63.24378422619048,87.27475323834197,4.459238576944106,5.598215752340653,4.041362856419232,0.417875720524874,1.5568528959214207
48,afm_5hvoa02_6,0.9018652439117432,0.97029,2.946770429611206,0.59355,13.646408081054688,0.14446,18.56403350830078,0.74295,8.128880500793457,0.40748, 0.759, 0.688,0.09951923076923078,-0.036666666666666584,87.12374179829891,75.10628602620088,13.20521542832281,12.996278081322455,9.662834395560017,3.5423810327627923,3.333443685762438
49,metric_5l87a00_0,2.7860937118530273,0.55984,0.5132511258125305,0.98461,5.277463436126709,0.50228,4.892785549163818,0.5419,5.243528842926025,0.21354, 0.805, 0.641,0.25573770491803277,0.16687898089171982,70.40599069767443,92.77706361085126,2.9504810376810457,3.8890429194531837,2.821473672165327,0.12900736551571867,1.0675692472878566
50,afm_3f9ua00_6,2.8778936862945557,0.70416,2.9580116271972656,0.70568,17.381288528442383,0.25016,5.118719577789307,0.62152,6.48422384262085,0.28792, 0.775, 0.763,-0.028275862068965492,0.03271028037383183,82.94978113879003,69.33007904191616,8.266197018915861,9.330642677669145,7.263573601181683,1.0026234177341777,2.0670690764874617
51,metric_6iwva_5,1.0955235958099365,0.8903,1.4696531295776367,0.8895,6.458593368530273,0.42872,4.677477836608887,0.59819,5.643503189086914,0.11176, 0.626, 0.724,0.5620689655172415,-0.12355212355212358,92.5598283062645,79.60766462167689,3.6765691468596513,3.576534760286256,2.220098285777918,1.4564708610817334,1.356436474508338
52,afm_d3o07a__6,1.1562591791152954,0.94905,0.700071394443512,0.87062,13.082058906555176,0.13807,4.821476936340332,0.77321,13.531729698181152,0.41429, 0.695, 0.767,0.14401544401544406,-0.47761194029850745,88.89124287856072,84.97492571428572,18.07644025005831,15.04845581989514,14.356297081852375,3.7201431682059365,0.6921587380427656
53,afm_d1t72a1_6,0.7534677386283875,0.97836,17.984760284423828,0.28743,5.539636135101318,0.27174,20.811872482299805,0.73578,11.229057312011719,0.36036, 0.803, 0.545,-0.22355769230769226,0.12916666666666676,92.4995127143702,59.33896642685851,12.674249173308294,10.642444300879893,9.905163942631168,2.769085230677126,0.7372803582487251
54,afm_d2oxqc__7,9.834136962890625,0.329,1.1223043203353882,0.95739,6.350535869598389,0.35489,3.028775215148926,0.34869,7.25413179397583,0.16476, 0.957, 0.720,-0.10985915492957744,-0.20817307692307743,60.05592152917505,91.06871790123456,4.209165500666387,4.407138205172361,2.8478098359642185,1.3613556647021685,1.559328369208142
55,afm_d5cdka1_3,3.352931022644043,0.65815,0.7665953040122986,0.96726,12.634017944335938,0.24761,9.609400749206543,0.58863,11.613069534301758,0.31208, 0.742, 0.742,0.23500000000000007,0.031210191082802687,67.93498468271335,93.86916204506066,8.918260874744071,10.314708976468443,9.40439435318228,-0.48613347843820875,0.9103146232861636
56,afm_d1iiba__7,1.0706696510314941,0.93158,1.198442816734314,0.91593,14.891901016235352,0.28619,8.715222358703613,0.7421,12.13917064666748,0.14314, 0.907, 0.519,-0.012621359223300939,0.0869281045751633,85.50911096774193,87.01461034626617,7.106919693148466,7.043110015399488,5.631650957045092,1.4752687361033745,1.4114590583543967
57,metric_6eoua_2,1.4861990213394165,0.93833,14.500187873840332,0.37024,11.969943046569824,0.1767,11.457385063171387,0.68806,17.54818344116211,0.28512, 0.717, 0.840,-0.13148688046647217,-0.2787439613526574,89.49467527272728,54.04945042492918,24.212264325408242,19.36392134009633,15.754071002360186,8.458193323048055,3.609850337736143
58,metric_6wrvc_1,0.9213305711746216,0.93172,21.281787872314453,0.24023,2.7916338443756104,0.31465,6.65004825592041,0.66181,0.3095923066139221,0.27551, 0.732, 0.650,-0.12717391304347814,-0.02272727272727283,88.02861825726141,45.25591833030853,6.089453646759313,5.563468936777284,3.4107072712337363,2.678746375525577,2.1527616655435473
59,metric_3f9ua00_1,2.985976219177246,0.59394,1.7990988492965698,0.90583,17.96135139465332,0.30831,0.37804728746414185,0.68343,13.142484664916992,0.19696, 0.963, 0.596,-0.20344827586206898,-0.25470852017937284,65.55812093495935,91.61588434163701,9.084872533291858,8.148610539802522,6.185139314220875,2.899733219070983,1.9634712255816478
60,afm_2x49a03_7,0.5905877351760864,0.90764,1.4920278787612915,0.8677,10.771157264709473,0.31982,3.8165807723999023,0.52703,5.757709503173828,0.20211, 0.883, 0.731,-0.7069767441860463,-0.15474452554744514,85.75366908563134,86.31663781749765,4.431007519803993,3.2967678475159543,3.2556338794477595,1.1753736403562334,0.041133968068194804
61,afm_d1t8ka__0,0.6310943365097046,0.96304,3.2867343425750732,0.67425,10.44902515411377,0.37563,2.572659492492676,0.71995,9.951828002929688,0.27443, 0.908, 0.905,-0.27733333333333327,-0.1364583333333331,92.35994648829431,61.083478199718705,5.497951926342477,4.771156870230455,4.1627879332746245,1.3351639930678525,0.6083689369558307
62,afm_5t76a_5,2.5246658325195312,0.82529,1.3118410110473633,0.90344,13.403275489807129,0.28224,18.93366241455078,0.77578,10.254637718200684,0.35565, 0.896, 0.742,-0.39033816425120876,0.1590909090909092,86.16736608260325,89.19051428571429,13.073516108617708,8.495702792726288,7.98957699598622,5.083939112631488,0.5061257967400676
63,afm_6hk5a_6,0.6403642892837524,0.91334,1.1425528526306152,0.89487,4.967767238616943,0.41978,4.339681625366211,0.83751,0.29619282484054565,0.27218, 0.943, 0.497,-0.7765625,0.12857142857142875,89.2814253578732,89.53165167095116,3.733166554478469,3.5801635353265278,2.3427149028962724,1.3904516515821967,1.2374486324302554
64,metric_d3gqba4_4,0.6460023522377014,0.97072,1.4277255535125732,0.87689,13.502365112304688,0.26989,11.058796882629395,0.62394,9.121452331542969,0.28941, 0.805, 0.545,0.016326530612244875,0.1931972789115648,89.47426114081996,84.94216402116402,8.655472559824846,7.028517163308613,5.897501074795774,2.7579714850290715,1.1310160885128386
65,afm_d1dkga1_2,7.803832054138184,0.29763,1.0056521892547607,0.95219,5.285164833068848,0.393,2.5258662700653076,0.28599,4.70505428314209,0.17719, 0.803, 0.583,-0.6372881355932202,0.33503649635036487,49.233775981524246,89.27734703632888,2.90245015408716,3.941949090812755,2.6603660610893236,0.2420840929978363,1.2815830297234312
66,afm_d6am3a__1,1.2441885471343994,0.89179,0.9987318515777588,0.92844,11.879133224487305,0.30013,9.003674507141113,0.68118,11.927289962768555,0.24093, 0.883, 0.641,-0.33053435114503826,0.10317460317460327,79.98785674157304,87.54734294234592,7.561763774208338,7.254064628559385,5.211335983745753,2.350427790462585,2.0427286448136313
67,afm_d3rwoa__3,0.7031257152557373,0.94663,1.2319682836532593,0.83156,13.86492919921875,0.27859,8.757661819458008,0.72656,10.864958763122559,0.335, 0.836, 0.830,0.06686390532544383,-0.37482993197278913,90.28695912187736,78.62219138359569,11.397664519246243,9.95034010165245,8.734841958977164,2.6628225602690794,1.2154981426752869
68,afm_1j5wb02_0,0.7477000951766968,0.89914,1.2983624935150146,0.86202,7.896567344665527,0.46488,2.565425157546997,0.67247,8.505417823791504,0.20902, 0.685, 0.430,-0.2506666666666666,0.02008547008547011,87.36825569176882,88.02608755506608,4.339829082083633,2.750474064172302,2.4421011246542808,1.8977279574293524,0.308372939518021
69,metric_1n1cb02_4,17.36569595336914,0.40634,4.998924255371094,0.55562,0.4358271658420563,0.39453,1.9736697673797607,0.48369,0.6124710440635681,0.37507, 0.807, 0.718,-0.6776315789473685,0.23875000000000007,62.51270297029703,76.66528522920204,3.8999259043301784,4.302242583156851,2.8568728369710534,1.043053067359125,1.445369746185798
70,afm_d2hj2a1_5,0.742146909236908,0.95328,1.0591108798980713,0.91053,9.560373306274414,0.44024,1.872660517692566,0.70419,3.2630257606506348,0.34129, 0.862, 0.842,-0.1270833333333334,-0.5659259259259259,87.73243968871596,91.75726947754355,6.685258102142217,4.707378936605351,4.4283515704686165,2.2569065316736,0.2790273661367344
71,afm_5z51a_5,6.407704830169678,0.58978,6.482407569885254,0.56132,0.30758532881736755,0.3314,6.620129585266113,0.48072,8.207372665405273,0.52351, 0.762, 0.560,-0.8018987341772157,0.7315789473684207,68.01022647283857,63.9403153526971,7.555859535210661,9.392964705977933,7.246637980747427,0.3092215544632335,2.146326725230506
72,afm_d1dvpa1_1,0.955255389213562,0.94376,1.0792453289031982,0.93272,6.956333637237549,0.30117,5.975334167480469,0.75448,8.8411865234375,0.32615, 0.902, 0.722,-0.2156028368794326,-0.9274809160305345,90.13248820960699,85.4703069124424,8.976819153460742,7.276509123646283,6.1580058650439575,2.8188132884167842,1.1185032586023258
73,afm_1xawa01_1,7.675166606903076,0.50864,0.947813868522644,0.9352,9.384610176086426,0.36656,13.771329879760742,0.53395,7.7586846351623535,0.23487, 0.831, 0.682,-1.4231578947368428,0.10112994350282493,66.71493484042553,87.68317620481928,5.427474722869933,4.533685343570659,2.99892023376045,2.428554489109483,1.534765109810209
74,afm_4acfa01_0,6.337904453277588,0.40767,3.5613460540771484,0.64274,11.457856178283691,0.27225,2.253499984741211,0.42207,6.039365768432617,0.24294, 0.712, 0.833,0.016504854368932086,-0.2829999999999998,47.80243191196699,73.37190273972602,5.517302855969017,4.663855107701878,4.302447074380006,1.2148557815890113,0.3614080333218723
75,afm_6mq5a_7,1.133920431137085,0.95522,23.40152931213379,0.3569,11.705639839172363,0.20583,8.913272857666016,0.82802,10.172392845153809,0.41156, 0.775, 0.875,0.33974358974358904,-0.7431818181818186,88.9744134929271,80.40654454022989,13.606816601683903,11.854357940119419,10.65952635672129,2.9472902449626126,1.1948315833981287
76,afm_7k00o_8,5.17993688583374,0.41352,0.7791877388954163,0.90603,8.403227806091309,0.27287,1.1838154792785645,0.6765,5.4149675369262695,0.3154, 0.883, 0.604,-0.3625000000000002,-0.44406779661016943,72.74137481481482,90.99593670886075,4.885380907136303,5.064094406969051,3.2067585006576325,1.6786224064786701,1.8573359063114188
77,metric_3shgb00_6,0.6289870142936707,0.93225,9.914011001586914,0.30459,4.686455726623535,0.49198,1.4793165922164917,0.59166,12.231206893920898,0.31688, 0.768, 0.630,-0.9912280701754385,-0.30641025641025604,89.9257773019272,64.73127659574467,3.5655394797402513,2.9967661025348544,2.2871547857917873,1.278384693948464,0.7096113167430671
78,afm_d1u7ba1_2,9.923389434814453,0.4544,1.1072759628295898,0.96612,12.917205810546875,0.2821,13.930225372314453,0.74922,9.846949577331543,0.1824, 0.743, 0.379,0.6246031746031742,0.19490909090909064,84.6868152173913,91.95333058652447,6.923597923902608,7.03235936902127,4.570562137204444,2.3530357866981637,2.461797231816826
79,afm_d5tzma__5,0.7817619442939758,0.94027,0.8606750965118408,0.94145,2.888892650604248,0.26974,8.35760498046875,0.74973,4.6438984870910645,0.29108, 0.911, 0.668,-0.03222222222222219,-0.09204545454545453,90.04391640866874,89.5157496463932,5.801572262708259,6.205403926182323,4.318908448139823,1.4826638145684354,1.8864954780424998
80,afm_2aq6a00_5,6.1737141609191895,0.55905,15.314216613769531,0.30513,6.050992488861084,0.27003,2.1094045639038086,0.60737,7.1903767585754395,0.36547, 1.000, 0.613,-0.288732394366197,0.2876404494382024,65.63609300095877,56.86705135520685,7.18279574898579,7.7065142642924105,6.228592232421432,0.9542035165643581,1.4779220318709783
81,afm_4mkib00_9,1.7727454900741577,0.90053,1.2204571962356567,0.88629,16.59126091003418,0.13435,3.3464882373809814,0.74787,17.478538513183594,0.27355, 0.799, 0.782,0.11978798586572455,-1.110526315789475,85.00506676003735,81.36764050632911,18.011132861482086,18.725510472261682,16.774957915139566,1.2361749463425191,1.9505525571221156
82,metric_d4a5xa__6,2.44180965423584,0.73686,1.0545775890350342,0.93047,2.4376113414764404,0.53283,9.96588134765625,0.6405,4.515600204467773,0.28191, 0.863, 0.829,-0.6444444444444444,-0.7748031496062998,86.23583455882353,89.12344892221181,3.8370447130231025,3.929823372752969,3.2393010441134305,0.597743668909672,0.6905223286395383
83,afm_6ne2b00_4,1.268064260482788,0.94135,1.4896548986434937,0.86901,12.140128135681152,0.20992,2.1129767894744873,0.81191,8.747819900512695,0.26708, 0.827, 0.765,-0.08906249999999984,-0.08181818181818178,90.82051627906976,84.7567716794731,13.648804044500537,14.065348855625034,12.256406587593343,1.3923974569071937,1.8089422680316911
84,afm_d3ldza__5,23.986875534057617,0.33021,2.016845941543579,0.76795,11.926640510559082,0.23614,2.658491611480713,0.5977,2.9308061599731445,0.32014, 0.632, 0.548,-0.13211678832116763,-0.17954545454545442,62.2173182320442,81.80029678362573,7.140794873749855,8.741388961373541,5.403327206815701,1.7374676669341547,3.338061754557841
85,metric_4gyta00_3,7.403630256652832,0.54495,2.245917558670044,0.78953,12.02951717376709,0.2559,7.052728652954102,0.49249,15.629207611083984,0.32218, 0.866, 0.963,-0.47175141242937907,-0.7695652173913048,62.24838009049774,80.28503204272363,10.242118074968282,10.923231682256638,7.755235299564298,2.486882775403984,3.1679963826923405
86,afm_5i29a_6,1.2371304035186768,0.91365,3.009399175643921,0.83537,11.616119384765625,0.36453,12.818107604980469,0.68645,10.669724464416504,0.24906, 0.883, 0.517,-0.5585185185185185,-0.22062780269058319,80.48534170403587,87.97394444444444,6.928573289057152,7.3556722841317645,6.060153447144428,0.8684198419127238,1.2955188369873367
87,afm_3adga00_8,0.7117388248443604,0.86492,9.322549819946289,0.34424,3.2844486236572266,0.33844,2.752918243408203,0.62514,8.0690279006958,0.30457, 1.000, 0.862,-0.4757142857142855,0.15813953488372104,89.65676310679612,61.209849544072945,4.649758889140269,4.1957756376516935,3.8415682788142815,0.8081906103259877,0.35420735883741195
88,afm_3onja00_7,15.801013946533203,0.45914,2.080533981323242,0.85808,10.461617469787598,0.42079,1.9155336618423462,0.39949,14.778045654296875,0.34474, 0.820, 0.503,-1.0802083333333339,-0.04746835443037976,66.20861308677098,84.13995648604269,4.766586143539925,5.88055542385115,3.8130849087542646,0.9535012347856604,2.0674705150968853
89,metric_6s0xt_9,2.6689229011535645,0.57999,7.693667411804199,0.4131,11.49499225616455,0.29774,1.204221248626709,0.52969,5.797926425933838,0.45401, 0.762, 0.474,-0.6666666666666667,0.15689655172413788,75.32639242685026,67.37657180851063,3.9367548090302718,4.116879989039699,2.4523089085583325,1.4844459004719393,1.6645710804813665
90,afm_5uh7a_9,19.6328125,0.33784,5.922853469848633,0.66184,9.088499069213867,0.30487,8.719658851623535,0.45329,5.7131547927856445,0.19891, 0.883, 0.717,-0.5779527559055124,0.6815920398009944,63.380528008298754,90.4501625498008,5.87160547396482,7.846023616817139,4.835419386549649,1.036186087415171,3.0106042302674902
91,metric_1c4ka04_0,0.6640745997428894,0.96309,1.1365309953689575,0.94584,15.880533218383789,0.27391,7.212629318237305,0.7085,13.342734336853027,0.2709, 0.828, 0.657,-0.3812500000000001,-0.14551724137931044,88.0878243902439,90.36168974583698,8.70532212210321,7.974056238048409,5.148365425698147,3.556956696405063,2.8256908123502615
92,metric_4b0fb00_6,2.1138157844543457,0.86544,4.257274627685547,0.49344,0.09564419090747833,0.41846,0.41590869426727295,0.57263,2.8835885524749756,0.37398, 0.823, 0.643,-3.0019607843137264,0.5456140350877196,89.79650220264317,77.43991666666666,3.1488224614458975,2.013778020508209,1.3471448922364246,1.8016775692094729,0.6666331282717846
